Product ID,SKU,Product Name,Category,Detected Brand,Existing Vendor,Vendor Mapping Status
8ad45b93-68b0-4a5f-8c69-c956e6e4db3b,DEC-VASE-01,Glass Flower Vase,Home & Lifestyle,NEEDS_RESEARCH,None,NEEDS_RESEARCH
5c10b163-ef9b-4c19-b457-cf63b9718bb9,DEC-CUSH-01,Decorative Throw Cushion,Home & Lifestyle,NEEDS_RESEARCH,None,NEEDS_RESEARCH
dd69d4dd-2400-4bb2-a6ce-970fc8f9e6cd,SKU-JNZUK,Amul Kool Kesar (TEST3),"Tea, Coffee & Milk Drinks",Amul,None,UNMAPPED
7db72a8b-637d-4f66-b6cc-68bc66f9168c,DEC-PLANTER-01,Indoor Succulent Planter,Home & Lifestyle,NEEDS_RESEARCH,None,NEEDS_RESEARCH
27b290f6-ad87-412a-b2b2-0b684855e489,FG-SC-002,Cadbury Dairy Milk Silk Chocolate,Sweets & Chocolates,NEEDS_RESEARCH,None,NEEDS_RESEARCH
ed4f5961-91df-4807-bce1-0c062ce31c14,FG-SC-004,Ferrero Rocher Chocolate,Sweets & Chocolates,NEEDS_RESEARCH,None,NEEDS_RESEARCH
2d55f36d-0b73-4ad3-b477-8f2ede2b0db5,FG-SC-005,Snickers Chocolate Bar,Sweets & Chocolates,NEEDS_RESEARCH,None,NEEDS_RESEARCH
a65d88a3-30d9-4699-bcda-be4dcdb6a5cf,FG-TCM-008,Cadbury Bournvita Chocolate Health Drink,"Tea, Coffee & Milk Drinks",Unilever,None,UNMAPPED
5a9b6aa1-3cf5-4e74-a34d-d4717d4d5e99,FG-VF-007,Carrot,Vegetables & Fruits,NEEDS_RESEARCH,None,NEEDS_RESEARCH
d529df05-214b-4e6e-bbf0-0786a54541d2,FG-SC-006,Haldiram's Soan Papdi,Sweets & Chocolates,Haldiram,None,UNMAPPED
a8981a07-388c-4eae-a300-e2b18950831e,FG-IF-001,Maggi 2-Minute Masala Noodles,Instant Food,Nestle,None,UNMAPPED
460863ff-b235-4f12-8c42-155e5fcb8841,FG-DJ-007,Maaza Mango Drink,Drinks & Juices,Coca-Cola,None,UNMAPPED
c8910911-8acb-4375-9ddc-19a8821700c9,DEC-CANDLE-01,Aromatic Scented Candles,Home & Lifestyle,NEEDS_RESEARCH,None,NEEDS_RESEARCH
775c2946-a1d7-4851-a88d-4a96eb9f5230,FG-DJ-008,Frooti Mango Drink,Drinks & Juices,Unilever,None,UNMAPPED
4cb0e675-b5de-4a95-a50e-8f91f97a3f99,FG-DJ-009,Bisleri Packaged Drinking Water,Drinks & Juices,Unilever,None,UNMAPPED
c0355a14-f251-4b6d-99f1-22080044ee8e,FG-VF-009,Green Chilli,Vegetables & Fruits,NEEDS_RESEARCH,None,NEEDS_RESEARCH
49bb5e2a-3211-4e9c-bab9-24581bc3d6ed,FG-TCM-006,Amul Kool Kesar Flavoured Milk,"Tea, Coffee & Milk Drinks",Amul,None,UNMAPPED
40b22a9a-31fa-4838-a5c7-2e39d892ef17,FG-IF-005,MTR Instant Rava Idli Mix,Instant Food,NEEDS_RESEARCH,None,NEEDS_RESEARCH
284dabaa-1c7d-4fee-9863-4d08a25f6751,FG-IF-007,Kellogg's Corn Flakes Original,Instant Food,NEEDS_RESEARCH,None,NEEDS_RESEARCH
78a079ad-18f2-46da-b741-e760b07eea19,FG-TCM-002,Brooke Bond Red Label Tea,"Tea, Coffee & Milk Drinks",NEEDS_RESEARCH,None,NEEDS_RESEARCH
1cb04c9c-446a-4874-bd86-5526a35c0cee,FG-TCM-003,Brooke Bond Taj Mahal Tea,"Tea, Coffee & Milk Drinks",NEEDS_RESEARCH,None,NEEDS_RESEARCH
1e64679b-61b6-468b-9aa5-a21acb46c27a,FG-TCM-005,Bru Instant Coffee,"Tea, Coffee & Milk Drinks",Unilever,None,UNMAPPED
c6930628-f0b7-4de4-af53-153502948fd5,FG-IF-003,Knorr Classic Sweet Corn Veg Soup,Instant Food,Unilever,None,UNMAPPED
e1157417-1c02-4e40-8dcd-c109830631bc,FG-DJ-002,Pepsi Soft Drink,Drinks & Juices,PepsiCo,None,UNMAPPED
aef792cc-7837-4e35-8bbf-369773a4a92f,FG-DJ-005,Real Fruit Power Mixed Fruit Juice,Drinks & Juices,NEEDS_RESEARCH,None,NEEDS_RESEARCH
b837a1dd-0224-4f09-9e37-67e59499a16e,FG-VF-002,Potato,Vegetables & Fruits,NEEDS_RESEARCH,None,NEEDS_RESEARCH
58b6779b-712d-47da-aa9a-490d29d644c1,FG-DBE-009,Nestlé a+ Slim Milk,"Dairy, Bread & Eggs",NEEDS_RESEARCH,None,NEEDS_RESEARCH
56c3bd82-7293-4a1b-8042-f05cefc3d8e0,FG-OGM-001,Fortune Sunlite Refined Sunflower Oil,"Oil, Ghee & Masala",Adani Wilmar,None,UNMAPPED
7e687737-2994-4559-8fa9-63df0f22f5ca,FG-IF-004,MTR Ready to Eat Dal Makhani,Instant Food,NEEDS_RESEARCH,None,NEEDS_RESEARCH
7e9e3177-9c98-4811-acf8-2d7418f36f76,FG-IF-008,Quaker Oats,Instant Food,NEEDS_RESEARCH,None,NEEDS_RESEARCH
95458f41-d849-4073-b5c5-7fe61393a80a,FG-SC-003,Nestlé KitKat 4 Finger,Sweets & Chocolates,Nestle,None,UNMAPPED
79aac19a-b133-4a1f-a5a9-b35934937acb,FG-VF-003,Tomato Hybrid,Vegetables & Fruits,NEEDS_RESEARCH,None,NEEDS_RESEARCH
b7bd39e3-55b4-4a7e-aea9-19764fd1929e,FG-IF-002,Sunfeast YiPPee! Magic Masala Noodles,Instant Food,ITC/Aashirvaad,None,UNMAPPED
7c7188a3-91f3-4f74-97d7-351df16eed0d,FG-TCM-007,Hershey's Milkshake Chocolate,"Tea, Coffee & Milk Drinks",NEEDS_RESEARCH,None,NEEDS_RESEARCH
f0d1d4e5-f3a8-4c7f-b64e-722af3208686,FG-SC-001,Cadbury Dairy Milk Chocolate,Sweets & Chocolates,NEEDS_RESEARCH,None,NEEDS_RESEARCH
8ce332b9-3c08-4264-be60-6c286ae37ec4,FG-OGM-009,Catch Cumin Powder,"Oil, Ghee & Masala",NEEDS_RESEARCH,None,NEEDS_RESEARCH
c8a3356e-9778-4e8d-b0aa-23bfdedda9af,FG-IF-006,Gits Dosa Mix,Instant Food,NEEDS_RESEARCH,None,NEEDS_RESEARCH
621119f9-5348-4394-be80-c29c8c1fac97,FG-DJ-001,Coca-Cola Soft Drink,Drinks & Juices,Coca-Cola,None,UNMAPPED
14b7e05a-daae-4953-88ec-c07142aef2e9,ELEC-AMB-CHG,Ambrane 20W Dual Port Charger,Electronics & Accessories,NEEDS_RESEARCH,None,NEEDS_RESEARCH
f4e5fd05-8b8f-4467-8aff-3a513005f129,FG-VF-008,Cucumber,Vegetables & Fruits,NEEDS_RESEARCH,None,NEEDS_RESEARCH
44c85d6c-e21e-4c08-9328-13d699e66f12,FG-ARD-008,24 Mantra Organic Brown Rice,"Atta, Rice & Dal",NEEDS_RESEARCH,None,NEEDS_RESEARCH
494e56f8-002f-4b49-aa69-536727f44b46,ELEC-APP-20W,Apple 20W USB-C Power Adapter,Electronics & Accessories,Electronics Brands,None,UNMAPPED
64d252ae-a1ec-4d3b-b7b2-4b42b5e69334,ELEC-BOAT-141,boAt Airdopes 141,Electronics & Accessories,Electronics Brands,None,UNMAPPED
dfa491c6-7ede-4e5d-b31b-eaa0a92fe796,ELEC-JBL-GO2,JBL Go 2 Bluetooth Speaker,Electronics & Accessories,Electronics Brands,None,UNMAPPED
d6f641fd-e0ec-4a19-9b35-e0f1b051fdb1,ELEC-MI-PB,Mi 10000mAh Power Bank,Electronics & Accessories,NEEDS_RESEARCH,None,NEEDS_RESEARCH
19dd51b2-6379-4679-b3e7-1b6a23866155,KITCH-PIG-KET,Pigeon Electric Kettle 1.5L,Kitchenware & Appliances,Kitchenware Brands,None,UNMAPPED
6e0670fb-b333-4869-b8eb-faf5c317a1c5,KITCH-BAJ-MIX,Bajaj Rex 500W Mixer Grinder,Kitchenware & Appliances,Unilever,None,UNMAPPED
5abf1937-1636-4ecc-9bf2-d98a550a14f2,KITCH-PRES-SAND,Prestige Sandwich Maker,Kitchenware & Appliances,Kitchenware Brands,None,UNMAPPED
55a78f06-559d-44a0-8a29-854557e3d40d,KITCH-MORP-IRN,Morphy Richards Iron,Kitchenware & Appliances,NEEDS_RESEARCH,None,NEEDS_RESEARCH
e3cc8db6-b565-4f2c-baee-f0026563a5bb,FG-OGM-008,MDH Garam Masala,"Oil, Ghee & Masala",NEEDS_RESEARCH,None,NEEDS_RESEARCH
fcbeb9a1-7659-4775-b05f-ea5a97213d96,ELEC-DUR-AAA4,Duracell AAA Batteries 4-Pack,Electronics & Accessories,Duracell,None,UNMAPPED
c3bdee3e-c62b-485f-ae1d-342e9ed79401,ELEC-EVR-AA10,Eveready AA Batteries 10-Pack,Electronics & Accessories,Eveready,None,UNMAPPED
e0b4d444-101b-43b8-9cd3-be60926dab2e,ELEC-HP-MSE,HP Wireless Mouse 200,Electronics & Accessories,NEEDS_RESEARCH,None,NEEDS_RESEARCH
5b61e30d-31aa-46e7-a72e-d6cf5e664172,ELEC-LOGI-KBD,Logitech K230 Wireless Keyboard,Electronics & Accessories,NEEDS_RESEARCH,None,NEEDS_RESEARCH
3391eda4-ce0e-4666-83a1-ff3184f9a321,ELEC-NOIS-PRO4,Noise ColorFit Pro 4 Smartwatch,Electronics & Accessories,Electronics Brands,None,UNMAPPED
b3b35b4c-c1d2-4027-b4ff-a97da7ba51ee,ELEC-PAN-HDRY,Panasonic Hair Dryer,Electronics & Accessories,NEEDS_RESEARCH,None,NEEDS_RESEARCH
61b14935-4986-434c-8523-91dc91f54d90,FG-BB-008,Modern Multigrain Bread,"Dairy, Bread & Eggs",NEEDS_RESEARCH,None,NEEDS_RESEARCH
b651c929-2b63-42f9-88d7-b12bb325b58a,ELEC-OP-CBL,OnePlus Type-C Cable,Electronics & Accessories,Electronics Brands,None,UNMAPPED
100f2e22-5739-48cf-92ba-ea14e89759d3,ELEC-PHIL-12W,Philips 12W LED Bulb,Electronics & Accessories,NEEDS_RESEARCH,None,NEEDS_RESEARCH
77f92162-79c1-4b43-81e4-1ecbdfcbbde6,ELEC-PHIL-TRIM,Philips Trimmer QP2525,Electronics & Accessories,NEEDS_RESEARCH,None,NEEDS_RESEARCH
3b20bd91-3df4-4294-8c4b-19bceb39e896,FG-CN-002,Lay's Classic Salted Potato Chips,Chips & Namkeen,PepsiCo,None,UNMAPPED
f75ebfb1-14dc-4a8a-bd25-6bf4f86a434b,FG-ARD-001,Aashirvaad Shudh Chakki Atta,"Atta, Rice & Dal",ITC/Aashirvaad,None,UNMAPPED
cf853b9d-4fbc-4adb-9f5d-babce10857a0,FG-DJ-006,Tropicana 100% Orange Juice,Drinks & Juices,PepsiCo,None,UNMAPPED
35c7d84b-2aca-4d6e-8e27-467d637c5d97,FG-TCM-004,Nescafé Classic Instant Coffee,"Tea, Coffee & Milk Drinks",NEEDS_RESEARCH,None,NEEDS_RESEARCH
f8e426c2-191c-4a1f-8436-39886dc9cd92,FG-BB-001,Parle-G Original Glucose Biscuits,Bakery & Biscuits,Parle,None,UNMAPPED
d96b3b2e-dfd1-4403-88d9-1bdf3a793ae6,FG-ARD-009,Tata Sampann Masoor Dal,"Atta, Rice & Dal",Tata Consumer Products,None,UNMAPPED
0f32c1e6-7fa6-4839-9d26-221d67ea313a,FG-ARD-002,Fortune Chakki Fresh Atta,"Atta, Rice & Dal",Adani Wilmar,None,UNMAPPED
bd4afaeb-5736-4374-94d7-c4d550584b3b,FG-BB-002,Britannia Good Day Cashew Cookies,Bakery & Biscuits,Britannia,None,UNMAPPED
a908c202-c6a6-4549-9b25-415176db3c61,FG-ARD-003,India Gate Basmati Rice Feast Rozzana,"Atta, Rice & Dal",NEEDS_RESEARCH,None,NEEDS_RESEARCH
9ceb5740-b2d5-4d25-83e4-b9daa73e996a,FG-CN-004,Bingo! Mad Angles Achaari Masti,Chips & Namkeen,ITC/Aashirvaad,None,UNMAPPED
fa5ed270-2690-424b-9ce5-bdaa1ec1ad88,FG-CN-003,Kurkure Masala Munch,Chips & Namkeen,PepsiCo,None,UNMAPPED
77f1fe06-c65b-42ac-99a5-bf2ce27bb10b,FG-EA-003,boAt BassHeads 100 Wired Earphones,Electronics & Accessories,Electronics Brands,None,UNMAPPED
e5e0ebbb-109e-4ee4-8a27-e2d784db4ad2,ELEC-SAND-64G,SanDisk 64GB USB Flash Drive,Electronics & Accessories,NEEDS_RESEARCH,None,NEEDS_RESEARCH
ab1980cb-34c6-4366-9a78-6687f54ca6e9,ELEC-SONY-MDR,Sony MDR-ZX110A Wired Headphones,Electronics & Accessories,Electronics Brands,None,UNMAPPED
bf40d6ec-67a1-48af-951a-e8ddb935d5be,FG-BB-003,Britannia Marie Gold Biscuits,Bakery & Biscuits,Britannia,None,UNMAPPED
9d90f195-5ecb-4676-ab79-a8b6a9e7c9a2,ELEC-SPIG-15C,Spigen iPhone 15 Case,Electronics & Accessories,NEEDS_RESEARCH,None,NEEDS_RESEARCH
d5bd1e62-08a9-444d-b8bd-df3ec49bda77,ELEC-VEGA-STR,Vega Hair Straightener,Electronics & Accessories,NEEDS_RESEARCH,None,NEEDS_RESEARCH
8ad5bbdc-5c6f-43be-a7f2-4b1ddb7a5525,ELEC-WIPRO-9W,Wipro Smart LED Bulb 9W,Electronics & Accessories,NEEDS_RESEARCH,None,NEEDS_RESEARCH
d7a63fe4-5ddd-4cc0-bf83-7e66e3e6d5bb,ELEC-ZEB-BRO,Zebronics Zeb-Bro Earphones,Electronics & Accessories,NEEDS_RESEARCH,None,NEEDS_RESEARCH
6132d229-6894-4dad-90a6-2fc44fdc1263,FG-ARD-004,Daawat Rozana Gold Basmati Rice,"Atta, Rice & Dal",NEEDS_RESEARCH,None,NEEDS_RESEARCH
7c3db5d9-49d4-43bd-8a66-211c0f883b49,FG-BB-004,Sunfeast Dark Fantasy Choco Fills,Bakery & Biscuits,ITC/Aashirvaad,None,UNMAPPED
e4a99565-fe67-48e5-8d77-e6957acf493b,FG-DJ-003,Sprite Lemon-Lime Soft Drink,Drinks & Juices,Coca-Cola,None,UNMAPPED
e1cded7a-49b5-4bcd-9d22-6555a21e48b1,FG-DJ-004,Thums Up Soft Drink,Drinks & Juices,Coca-Cola,None,UNMAPPED
38b25429-3534-4027-a331-d1abf768266e,FG-CMF-007,Prawns Cleaned,"Chicken, Meat & Fish",NEEDS_RESEARCH,None,NEEDS_RESEARCH
224efeba-5c02-43c8-9500-ff2875d1f0fa,FG-CN-005,Haldiram's Aloo Bhujia,Chips & Namkeen,Haldiram,None,UNMAPPED
9d651bd6-6f55-4d6b-99fd-f9f324e8d51e,FG-OGM-002,Saffola Gold Edible Oil,"Oil, Ghee & Masala",Marico,None,UNMAPPED
c0bb7bbd-a85b-4340-b8e5-3c5defb99885,FG-TCM-001,Tata Tea Premium,"Tea, Coffee & Milk Drinks",Tata Consumer Products,None,UNMAPPED
ee1aedd0-93bf-45ca-8206-ecf927b6391d,FG-ARD-005,Tata Sampann Toor Dal,"Atta, Rice & Dal",Tata Consumer Products,None,UNMAPPED
3122b6ac-deac-4d74-a8e9-35983ac6b4a6,FG-BB-005,Cadbury Oreo Vanilla Creme Biscuits,Bakery & Biscuits,NEEDS_RESEARCH,None,NEEDS_RESEARCH
422047a4-b3c9-4cfc-b903-ebfd3f7135d3,FG-FH-007,Whisper Choice Ultra Sanitary Pads,Feminine Hygiene,P&G,None,UNMAPPED
9c8839c4-23d0-4ec1-b4b9-bb3dd380a714,FG-HW-002,Savlon Antiseptic Liquid,Cleaners & Repellents,NEEDS_RESEARCH,None,NEEDS_RESEARCH
5b7ae770-132a-4817-a0d3-0dcd7d89c0fe,FG-OGM-003,Dhara Kachi Ghani Mustard Oil,"Oil, Ghee & Masala",NEEDS_RESEARCH,None,NEEDS_RESEARCH
bc57a38e-da0b-4727-87ed-109dd94bdd59,FG-OGM-004,Amul Pure Ghee,"Oil, Ghee & Masala",Amul,None,UNMAPPED
67e79d11-8772-4962-95c9-f747ee111e21,FG-CR-004,Harpic Power Plus Toilet Cleaner Original,Cleaners & Repellents,Reckitt,None,UNMAPPED
4b93141d-4306-4cf7-87ca-5985faae9541,FG-HL-006,Cello Max Fresh Container Set,Kitchenware & Appliances,Kitchenware Brands,None,UNMAPPED
af291e73-b620-4e93-8673-cd201a491bfc,FG-SG-001,Classmate Single Line Notebook,Stationery & Games,NEEDS_RESEARCH,None,NEEDS_RESEARCH
c80b6832-2e1e-40da-8cbd-11f24a7f11a5,FG-SC-007,Kaju Katli Indian Sweet,Sweets & Chocolates,NEEDS_RESEARCH,None,NEEDS_RESEARCH
b7bc63ec-c00b-452d-93b8-dbc0dbf6115d,FG-ICF-002,Amul Chocolate Magic Ice Cream Tub,Ice Creams & Frozen Food,Amul,None,UNMAPPED
d0ac3b60-7fb5-4b56-9e8d-9c76f14edf00,FG-ICF-004,Magnum Chocolate Truffle Ice Cream Stick,Ice Creams & Frozen Food,NEEDS_RESEARCH,None,NEEDS_RESEARCH
19cacab2-5acd-4f09-9bb1-b1952c93678b,FG-SC-008,Kinder Joy Chocolate for Boys,Sweets & Chocolates,NEEDS_RESEARCH,None,NEEDS_RESEARCH
02bd6c6a-598e-4ed6-b7e1-0e81d2f806fd,FG-ICF-003,Kwality Wall's Cornetto Double Chocolate,Ice Creams & Frozen Food,NEEDS_RESEARCH,None,NEEDS_RESEARCH
64fcc51f-eaa7-47d2-a876-ea8e582e22f0,FG-OGM-005,Tata Salt Iodised,"Oil, Ghee & Masala",Tata Consumer Products,None,UNMAPPED
98874d67-09a8-4f46-b71e-31c8bf5abe2e,FG-CN-006,Haldiram's Nagpur Khatta Meetha,Chips & Namkeen,Haldiram,None,UNMAPPED
2d99cb4d-0d28-42e0-a257-0639fba2ea3d,FG-CN-001,Lay's India's Magic Masala Potato Chips,Chips & Namkeen,PepsiCo,None,UNMAPPED
92eedf8a-c8bd-4191-a1bf-e3a73e3fec6a,FG-CN-008,Too Yumm! Multigrain Chips,Chips & Namkeen,NEEDS_RESEARCH,None,NEEDS_RESEARCH
3195fe88-1243-41ad-82eb-70ecd68a2507,FG-OGM-006,Everest Turmeric Powder,"Oil, Ghee & Masala",NEEDS_RESEARCH,None,NEEDS_RESEARCH
33d41094-f940-4257-9a41-ed88d7438896,FG-BB-006,Unibic Choco Chip Cookies,Bakery & Biscuits,NEEDS_RESEARCH,None,NEEDS_RESEARCH
5d8cba66-2cfe-4b93-954d-6a84e536227d,FG-ARD-006,Tata Sampann Moong Dal,"Atta, Rice & Dal",Tata Consumer Products,None,UNMAPPED
62556632-92ab-4d8e-bde8-c64c259b28cd,FG-CN-007,Balaji Simply Salted Wafers,Chips & Namkeen,NEEDS_RESEARCH,None,NEEDS_RESEARCH
496dc8c8-0353-4217-b119-1309495997cd,FG-OGM-007,Everest Red Chilli Powder,"Oil, Ghee & Masala",NEEDS_RESEARCH,None,NEEDS_RESEARCH
5a6231c0-24f0-4232-95d0-f86aeabb9758,FG-ARD-007,Fortune Chana Dal,"Atta, Rice & Dal",Adani Wilmar,None,UNMAPPED
96d06549-2560-4d37-914c-1b2c80ec90c5,FG-BB-007,Britannia Bourbon The Original,Bakery & Biscuits,Britannia,None,UNMAPPED
8e17e5d3-510c-48bf-82ab-24906f59a162,FG-SF-004,Lakmé Sun Expert SPF 50 PA+++ Sunscreen,Skin & Face,NEEDS_RESEARCH,None,NEEDS_RESEARCH
17ec9642-4a36-495b-a26a-b1f5c3f55af8,FG-SS-007,Hershey's Chocolate Syrup,Sauces & Spreads,NEEDS_RESEARCH,None,NEEDS_RESEARCH
f04e6389-a50a-4364-911c-998eddc2545b,FG-EA-004,Portronics Konnect L USB Type-C Cable,Electronics & Accessories,Electronics Brands,None,UNMAPPED
925a2514-1d59-4277-be33-d8e5245c0615,FG-BC-006,Colorbar Perfect Match Primer,Beauty & Cosmetics,NEEDS_RESEARCH,None,NEEDS_RESEARCH
6ad56381-d5f0-4ba2-b793-770af46caf1a,FG-ICF-006,McCain Smiles,Ice Creams & Frozen Food,NEEDS_RESEARCH,None,NEEDS_RESEARCH
b02cf549-2722-4127-99dd-64a2b9c25125,FG-CMF-008,Eggs Brown,"Dairy, Bread & Eggs",NEEDS_RESEARCH,None,NEEDS_RESEARCH
e7f914bb-79e4-4414-bf8c-f2952976afd1,FG-HC-002,Clinic Plus Strong & Long Shampoo,Hair Care,Unilever,None,UNMAPPED
df8e08a6-69e1-475d-a477-986a083f07f7,FG-HW-003,Electral ORS Powder,Health & Wellness,NEEDS_RESEARCH,None,NEEDS_RESEARCH
28869937-bb55-4aaf-b7b5-fca2504352bc,FG-CR-005,Lizol Citrus Disinfectant Surface Cleaner,Cleaners & Repellents,Reckitt,None,UNMAPPED
dee87464-d779-46a3-9827-9723d69300ba,FG-HL-007,Microfiber Cleaning Cloth,Home & Lifestyle,NEEDS_RESEARCH,None,NEEDS_RESEARCH
27dd90d6-6c9d-4d14-9cdb-24d0629cf100,FG-SG-002,Cello Butterflow Ball Pen Blue,Stationery & Games,Kitchenware Brands,None,UNMAPPED
995f743c-8fd8-420d-a784-c088a45d2b2f,FG-BABY-001,Pampers All-Round Protection Pants Large,Baby Care,NEEDS_RESEARCH,None,NEEDS_RESEARCH
8c8cbda3-95d9-426f-a66a-220b5d9173d0,FG-CR-006,Goodknight Gold Flash Mosquito Repellent Refill,Cleaners & Repellents,NEEDS_RESEARCH,None,NEEDS_RESEARCH
3e0d7413-3263-49cc-bf46-f31a78ae1b40,FG-ICF-007,Safal Frozen Green Peas,Ice Creams & Frozen Food,Mother Dairy,None,UNMAPPED
43c7ef46-df8a-4328-89e9-77cb8ca0f920,FG-EA-005,Syska Power Bank P1001,Electronics & Accessories,NEEDS_RESEARCH,None,NEEDS_RESEARCH
64ee5e22-7793-4a1c-948c-8c69d3a06ce5,FG-BAB-001,Dove Cream Beauty Bathing Bar,Bath & Body,Unilever,None,UNMAPPED
bdcd9681-8ece-41a4-8a5f-5448f336be44,FG-BC-007,Swiss Beauty Liquid Concealer,Beauty & Cosmetics,NEEDS_RESEARCH,None,NEEDS_RESEARCH
eb14ebf3-8b11-4c80-abdc-fd10af2f640e,FG-SS-008,Kissan Mixed Fruit Jam,Sauces & Spreads,Unilever,None,UNMAPPED
c0fc0bcf-5e2d-4cd7-abea-d5af281658d3,FG-HC-003,Head & Shoulders Anti-Dandruff Shampoo,Hair Care,P&G,None,UNMAPPED
a0d6d236-8d36-4adc-b9e8-14577eb36b9d,FG-SF-005,Garnier Bright Complete Vitamin C Face Wash,Skin & Face,NEEDS_RESEARCH,None,NEEDS_RESEARCH
6b782f33-03dc-4611-a04c-1a61b21e5c28,FG-HW-004,Himalaya Ashvagandha Tablets,Health & Wellness,PepsiCo,None,UNMAPPED
3d31d307-f6b6-4811-8543-73e1acfe70bd,FG-KA-001,Prestige Popular Aluminium Pressure Cooker,Kitchenware & Appliances,Kitchenware Brands,None,UNMAPPED
dd5d51ad-48ba-4c66-bbee-78d21109b7e7,FG-SG-003,Camel Oil Pastels,Stationery & Games,NEEDS_RESEARCH,None,NEEDS_RESEARCH
626189de-6245-46e0-bc6c-f5bc73ccb0b0,FG-BABY-002,Huggies Complete Comfort Wonder Pants Medium,Baby Care,NEEDS_RESEARCH,None,NEEDS_RESEARCH
a729b38c-65b3-433d-b194-1832b02af309,FG-EA-006,Eveready AAA Batteries,Electronics & Accessories,Eveready,None,UNMAPPED
f5a07766-638e-4bce-b6da-80313d1f41fd,FG-BAB-002,Pears Pure & Gentle Bathing Bar,Bath & Body,NEEDS_RESEARCH,None,NEEDS_RESEARCH
d9be942d-bbfa-4036-9fe2-38783a29a45b,FG-CMF-001,Chicken Curry Cut,"Chicken, Meat & Fish",NEEDS_RESEARCH,None,NEEDS_RESEARCH
22417a1b-c029-4016-81bb-4f11d008cdcd,FG-SF-006,Pond's Super Light Gel,Skin & Face,NEEDS_RESEARCH,None,NEEDS_RESEARCH
fa5a31c1-111b-4ee3-a84a-54eabb90913b,FG-ICF-008,ITC Master Chef Crispy Chicken Fries,Ice Creams & Frozen Food,NEEDS_RESEARCH,None,NEEDS_RESEARCH
48fe9ace-8ba5-4eef-a450-c55cbe35ec51,FG-HC-004,Pantene Advanced Hairfall Solution Shampoo,Hair Care,P&G,None,UNMAPPED
9928f74a-3627-487b-8f66-75d1e5e07cf7,FG-FH-001,Whisper Ultra Clean XL+ Sanitary Pads,Feminine Hygiene,P&G,None,UNMAPPED
4417f17f-d6fd-42c2-8134-91fbcf2a3772,FG-HW-005,Dabur Chyawanprash,Health & Wellness,Dabur,None,UNMAPPED
8a90143d-4982-4fbf-915a-f06b373711d6,FG-CR-007,Godrej HIT Crawling Insect Killer Spray,Cleaners & Repellents,Godrej Consumer,None,UNMAPPED
4b3fc51b-c84d-4306-8b6c-094b19005ef6,FG-KA-002,Pigeon Favourite Electric Kettle,Kitchenware & Appliances,Kitchenware Brands,None,UNMAPPED
70710b4f-1aed-46f4-8641-ebd6c9b0b88c,FG-SG-004,Fevicol MR White Adhesive,Stationery & Games,Godrej Consumer,None,UNMAPPED
e5f6a7b7-9561-4221-b180-e250bd8495fc,FG-BABY-003,Johnson's Baby Powder,Baby Care,NEEDS_RESEARCH,None,NEEDS_RESEARCH
91377fb4-674a-409a-85dc-a0f0ee081964,FG-BAB-003,Dettol Original Soap,Bath & Body,Reckitt,None,UNMAPPED
6b0e91df-7fdb-466b-a947-d07b512b95cb,FG-CMF-002,Chicken Breast Boneless,"Chicken, Meat & Fish",NEEDS_RESEARCH,None,NEEDS_RESEARCH
8b7a1c4d-ef9f-4c99-9bb0-aa5f77d72274,FG-SS-001,Kissan Fresh Tomato Ketchup,Sauces & Spreads,Unilever,None,UNMAPPED
8df20045-e729-4929-9191-7a6d2465f77f,FG-HC-005,Parachute Advansed Coconut Hair Oil,Hair Care,Marico,None,UNMAPPED
3e2a0fbf-9ac2-457b-b009-f0c1367bd07a,FG-SF-007,Mamaearth Ubtan Face Wash,Skin & Face,NEEDS_RESEARCH,None,NEEDS_RESEARCH
849981a5-7877-466d-be24-9c800069f868,FG-FH-002,Stayfree Secure XL Cottony Soft Pads,Feminine Hygiene,NEEDS_RESEARCH,None,NEEDS_RESEARCH
7fe881d5-7d10-402a-945f-dc5863cb066c,FG-HW-006,Vicks VapoRub,Health & Wellness,NEEDS_RESEARCH,None,NEEDS_RESEARCH
3c2e088f-162c-4a89-87ea-68599105c845,FG-HL-001,Godrej Aer Pocket Bathroom Fragrance,Home & Lifestyle,Godrej Consumer,None,UNMAPPED
7876f0d6-a399-4da5-868b-b8371e07a418,FG-KA-003,Bajaj Majesty DX 11 Dry Iron,Kitchenware & Appliances,NEEDS_RESEARCH,None,NEEDS_RESEARCH
6a5d82c9-c364-413b-9573-0c190f83df50,FG-SG-005,Apsara Platinum Pencils,Stationery & Games,NEEDS_RESEARCH,None,NEEDS_RESEARCH
11cec891-7324-4390-a4a2-d84bc3d17a5f,FG-BABY-004,Johnson's Baby Lotion,Baby Care,NEEDS_RESEARCH,None,NEEDS_RESEARCH
e4341737-8167-44fc-a53a-994d443ee559,FG-BAB-004,Nivea Men Deep Impact Body Wash,Bath & Body,NEEDS_RESEARCH,None,NEEDS_RESEARCH
b725f260-77f8-456a-8bd4-8a9e3ab8d6d9,FG-BC-001,Lakmé Eyeconic Kajal Deep Black,Beauty & Cosmetics,NEEDS_RESEARCH,None,NEEDS_RESEARCH
c32a0154-b43b-49f6-b3bd-651ec83437d2,FG-CMF-003,Chicken Drumsticks,"Chicken, Meat & Fish",NEEDS_RESEARCH,None,NEEDS_RESEARCH
91aa22b7-ecf4-49b9-9dee-34a937f95614,FG-SS-002,Veeba Eggless Mayonnaise,Sauces & Spreads,NEEDS_RESEARCH,None,NEEDS_RESEARCH
5bba925e-0a38-4086-9ca6-feb5e06f53b6,FG-HC-006,Livon Hair Serum,Hair Care,NEEDS_RESEARCH,None,NEEDS_RESEARCH
9ede352b-3d2b-43b4-a414-2dfa2bc7c619,FG-FH-003,Sofy Antibacteria Extra Long Pads,Feminine Hygiene,NEEDS_RESEARCH,None,NEEDS_RESEARCH
b89fb250-105f-4321-916f-29f0c0d3c43e,FG-HW-007,Volini Pain Relief Spray,Health & Wellness,NEEDS_RESEARCH,None,NEEDS_RESEARCH
147327b0-c5a5-4d50-ac0c-08bf1de91c4a,FG-HL-002,Odonil Bathroom Air Freshener Blocks,Home & Lifestyle,NEEDS_RESEARCH,None,NEEDS_RESEARCH
bf224964-6ca4-46cb-a3ba-9a2329cadc8c,FG-KA-004,Butterfly Premium Vegetable Chopper,Kitchenware & Appliances,NEEDS_RESEARCH,None,NEEDS_RESEARCH
045b3bca-1e17-4458-b711-4b4c529159f7,FG-SG-006,UNO Playing Cards,Stationery & Games,PepsiCo,None,UNMAPPED
4b21729d-4384-4f30-a200-9237f21685dd,FG-BABY-005,Himalaya Gentle Baby Shampoo,Baby Care,PepsiCo,None,UNMAPPED
ffc8849d-8eef-4f94-b8cb-e464d6b2de17,FG-BAB-005,Fiama Gel Bar Celebration Pack,Bath & Body,NEEDS_RESEARCH,None,NEEDS_RESEARCH
216be4d8-01c8-47d9-8729-ad7f122d3498,FG-BC-002,Maybelline New York Colossal Kajal,Beauty & Cosmetics,NEEDS_RESEARCH,None,NEEDS_RESEARCH
9cfa0233-6e3f-4504-aa1c-b7f418e532ba,FG-CMF-004,Mutton Curry Cut,"Chicken, Meat & Fish",NEEDS_RESEARCH,None,NEEDS_RESEARCH
1bd8eff3-abb5-4799-a70c-2215e7b3aecc,FG-SS-003,Dr. Oetker FunFoods Veg Mayonnaise,Sauces & Spreads,NEEDS_RESEARCH,None,NEEDS_RESEARCH
d7a8a37a-28fe-41ae-9be3-81cdfc093aea,FG-HC-007,L'Oréal Paris Total Repair 5 Conditioner,Hair Care,NEEDS_RESEARCH,None,NEEDS_RESEARCH
4eea7ebd-7610-4136-96e0-6dfdbe26fdde,FG-FH-004,Sirona Premium Applicator Tampons Regular,Feminine Hygiene,NEEDS_RESEARCH,None,NEEDS_RESEARCH
4f058d92-05be-426d-b08b-8f675cff810b,FG-CR-001,Surf Excel Matic Front Load Detergent Powder,Cleaners & Repellents,Unilever,None,UNMAPPED
25aa0b71-82f3-4ccd-8c38-4d127ba24cbc,FG-HL-003,Scotch-Brite Scrub Pad,Home & Lifestyle,NEEDS_RESEARCH,None,NEEDS_RESEARCH
accf3dc0-412e-4f4f-beaf-bbe6b4cee56c,FG-KA-005,Borosil Glass Mixing Bowl Set,Kitchenware & Appliances,Kitchenware Brands,None,UNMAPPED
3554af00-0d47-47cb-9b56-6e11b8e645b9,FG-SG-007,Funskool Business Board Game,Stationery & Games,NEEDS_RESEARCH,None,NEEDS_RESEARCH
83ba14ff-77e0-4bc8-a05b-398e598c2f9e,FG-BABY-006,Mee Mee Baby Wet Wipes,Baby Care,NEEDS_RESEARCH,None,NEEDS_RESEARCH
ded9f384-7852-49ce-9dff-bb4c324791ac,FG-EA-001,Duracell Alkaline AA Batteries,Electronics & Accessories,Duracell,None,UNMAPPED
92ba4b0c-372a-4201-8b8c-dab8319fc0cf,FG-BAB-006,Lux Soft Touch Soap,Bath & Body,NEEDS_RESEARCH,None,NEEDS_RESEARCH
ef3d40be-fb9e-4c6b-a305-e5b586cd91dd,FG-BC-003,Maybelline New York Fit Me Matte + Poreless Foundation,Beauty & Cosmetics,NEEDS_RESEARCH,None,NEEDS_RESEARCH
0e8e7090-cda6-40f8-8ef7-8813410cc2d5,FG-CMF-005,Rohu Fish Curry Cut,"Chicken, Meat & Fish",NEEDS_RESEARCH,None,NEEDS_RESEARCH
156678e7-d5dc-4f3a-b0ba-1f8f739ffdeb,FG-SS-004,Nutella Hazelnut Cocoa Spread,Sauces & Spreads,NEEDS_RESEARCH,None,NEEDS_RESEARCH
3bf9e88f-f0c1-49a4-968f-dfb607ef74db,FG-SF-001,Cetaphil Gentle Skin Cleanser,Skin & Face,NEEDS_RESEARCH,None,NEEDS_RESEARCH
484cbe30-83ed-4baa-9919-ed852e8f867a,FG-FH-005,Pee Safe Menstrual Cup Medium,Feminine Hygiene,NEEDS_RESEARCH,None,NEEDS_RESEARCH
6ade49b5-5fc0-485b-a4fa-7edf6cb39e70,FG-CR-002,Ariel Matic Top Load Detergent Powder,Cleaners & Repellents,P&G,None,UNMAPPED
60692105-a511-451e-a661-5fbce6061aff,FG-HL-004,Gala No Dust Broom,Home & Lifestyle,NEEDS_RESEARCH,None,NEEDS_RESEARCH
2f136d99-ca24-48c2-90e5-d7cc63f1a115,FG-KA-006,Cello Opalware Dinner Plate Set,Kitchenware & Appliances,Kitchenware Brands,None,UNMAPPED
6e16bc8d-4851-4b55-888a-886444dcc175,FG-BABY-007,Nestlé Cerelac Wheat Apple Baby Cereal,Baby Care,Electronics Brands,None,UNMAPPED
0e5c7d68-5138-49b4-a51f-be36d951ca64,FG-EA-002,Philips LED Bulb 9W,Electronics & Accessories,NEEDS_RESEARCH,None,NEEDS_RESEARCH
23fe9243-0a07-4fdd-8ca2-80579d2e53a4,FG-BC-004,Lakmé 9 to 5 Primer + Matte Lip Color,Beauty & Cosmetics,NEEDS_RESEARCH,None,NEEDS_RESEARCH
eb43237c-1288-41f3-91a9-46fd95f3b503,FG-CMF-006,Seer Fish Steaks,"Chicken, Meat & Fish",NEEDS_RESEARCH,None,NEEDS_RESEARCH
2f751e80-5991-44c5-8013-1d0f28d347b4,FG-CR-003,Vim Dishwash Gel Lemon,Cleaners & Repellents,Unilever,None,UNMAPPED
761aba0c-a540-4aa6-adac-25b7e2b270f2,FG-BAB-007,Vaseline Intensive Care Deep Moisture Lotion,Skin & Face,Unilever,None,UNMAPPED
e2df1ffa-29d2-4c6f-a8b9-377302e396ce,FG-SS-005,Sundrop Peanut Butter Creamy,Sauces & Spreads,NEEDS_RESEARCH,None,NEEDS_RESEARCH
e58019f1-1f2d-4f4f-a6be-05d770fea3ed,FG-SF-002,Himalaya Purifying Neem Face Wash,Skin & Face,PepsiCo,None,UNMAPPED
4ed9366c-4507-4f1d-afbc-eb9b4329d0d5,FG-FH-006,Nua Ultra-Safe Sanitary Pads,Feminine Hygiene,NEEDS_RESEARCH,None,NEEDS_RESEARCH
78b4cb4d-ae04-4df5-95d8-a6ba4ee9c0b9,FG-HW-001,Dettol Original Hand Sanitizer,Health & Wellness,Reckitt,None,UNMAPPED
569844e4-6a2d-4cc9-8066-027f8fd4468f,FG-HL-005,Milton Thermosteel Bottle,Kitchenware & Appliances,Kitchenware Brands,None,UNMAPPED
d2f4c71e-9166-4655-ab8a-f2be6696e274,FG-KA-007,Prestige Omega Deluxe Granite Fry Pan,Kitchenware & Appliances,Kitchenware Brands,None,UNMAPPED
63cae623-74ac-4f16-be7e-3d642e9e40d2,SKU-D87002FF,Baked Pita Chips,Chips & Namkeen,NEEDS_RESEARCH,None,NEEDS_RESEARCH
54aa44a3-cfbe-4b47-bf69-967f4860b5fe,FG-VF-004,Banana Robusta,Vegetables & Fruits,NEEDS_RESEARCH,None,NEEDS_RESEARCH
ce22a7e6-c7a6-46bd-867c-1f9f6fd8794e,FG-VF-005,Apple Royal Gala,Vegetables & Fruits,Electronics Brands,None,UNMAPPED
8116cc4f-7e9b-48fa-a12b-2e5705185ff8,FG-VF-001,Onion,Vegetables & Fruits,NEEDS_RESEARCH,None,NEEDS_RESEARCH
0ef4897a-19c0-452c-b665-79e23ffe13af,FG-VF-006,Pomegranate,Vegetables & Fruits,NEEDS_RESEARCH,None,NEEDS_RESEARCH
f92b5f3b-33f4-409e-a599-2b055a3f6b96,SKU-D43C0105,Fresh Hass Avocados,Vegetables & Fruits,NEEDS_RESEARCH,None,NEEDS_RESEARCH
f91d4d44-0eae-404e-8fa8-83bc1d9abb73,FG-DBE-001,Amul Taaza Toned Milk,"Dairy, Bread & Eggs",Amul,None,UNMAPPED
40be9f37-e39b-436f-ab77-152e7a1aecbb,FG-DBE-006,Britannia 100% Whole Wheat Bread,"Dairy, Bread & Eggs",Britannia,None,UNMAPPED
1b3b37f7-c225-4b70-b99b-22ca597d0953,FG-DBE-003,Amul Salted Butter,"Dairy, Bread & Eggs",Amul,None,UNMAPPED
8f673a29-73a1-4380-8c47-7377cacd0811,FG-DBE-004,Amul Cheese Slices,"Dairy, Bread & Eggs",Amul,None,UNMAPPED
ac53fdec-7e47-4cfb-a2dd-f721e7e22443,FG-DBE-005,Mother Dairy Paneer,"Dairy, Bread & Eggs",Mother Dairy,None,UNMAPPED
4827579a-a79d-4d8a-bf1b-e4d2e892f08a,FG-DBE-007,Harvest Gold White Bread,"Dairy, Bread & Eggs",Godrej Consumer,None,UNMAPPED
c3be8e6f-b885-454d-9dab-dad33d5e683e,FG-DBE-008,Farm Fresh White Eggs,"Dairy, Bread & Eggs",Godrej Consumer,None,UNMAPPED
9701ec5a-3fa0-4503-8404-3e6ce538fdaa,FG-DBE-002,Amul Gold Full Cream Milk,"Dairy, Bread & Eggs",Amul,None,UNMAPPED
8fcd80d9-ad3a-4170-aa31-835ab822fb2b,FG-BC-005,Elle 18 Color Pops Matte Lip Color,Beauty & Cosmetics,NEEDS_RESEARCH,None,NEEDS_RESEARCH
0cf2eb3e-8979-4845-8961-94f5aae3890d,FG-ICF-001,Amul Vanilla Magic Ice Cream Tub,Ice Creams & Frozen Food,Amul,None,UNMAPPED
3c2adba7-5160-419e-8e13-65093685a421,FG-SF-003,Nivea Soft Light Moisturiser,Skin & Face,NEEDS_RESEARCH,None,NEEDS_RESEARCH
819b5f51-de29-445e-8748-10bfa5c5af90,FG-ICF-005,McCain French Fries,Ice Creams & Frozen Food,NEEDS_RESEARCH,None,NEEDS_RESEARCH
30496772-b6c2-4089-8cec-9c4cdc613343,FG-SS-006,Ching's Schezwan Chutney,Sauces & Spreads,NEEDS_RESEARCH,None,NEEDS_RESEARCH
b708dbf3-746f-4f52-b41d-6ddaf53ea181,FG-HC-001,Dove Hair Therapy Breakage Repair Shampoo,Hair Care,Unilever,None,UNMAPPED